{"name":"2f3e9421-d5e5-461f-a9b4-5bb0500873ab","id":"/providers/Microsoft.Flow/flows/2f3e9421-d5e5-461f-a9b4-5bb0500873ab","type":"Microsoft.Flow/flows","properties":{"apiId":"/providers/Microsoft.PowerApps/apis/shared_logicflows","displayName":"Recurrence -> D365FO Deep Links","definition":{"metadata":{"workflowEntityId":null,"creator":{"id":"69de61ec-805a-4704-8055-f9f6004b894d","type":"User","tenantId":"c213f402-6a97-4c7e-bf4a-ed3d16feb386"},"provisioningMethod":"FromDefinition","failureAlertSubscription":true,"clientLastModifiedTime":"2019-04-04T17:25:41.9009614Z"},"$schema":"https://schema.management.azure.com/providers/Microsoft.Logic/schemas/2016-06-01/workflowdefinition.json#","contentVersion":"1.0.0.0","parameters":{"$authentication":{"defaultValue":{},"type":"SecureObject"}},"triggers":{"Recurrence":{"recurrence":{"frequency":"Week","interval":15},"type":"Recurrence"}},"actions":{"HTTP":{"runAfter":{"Initialize_ExecutionId":["Succeeded"]},"type":"Http","inputs":{"method":"POST","uri":"@{variables('Audience')}/api/services/rkDeeplinksServiceGroup/rkDeepLinksService/getDeepLink\r","body":{"_company":"usmf","_menuItem":"CustTableListPage","_dataSource":"CustTable","_field":"CustAccount","_value":"US-004"},"authentication":{"type":"ActiveDirectoryOAuth","tenant":"rkaul.onmicrosoft.com","audience":"@variables('Audience')","clientId":"@variables('ClientId')","secret":"@variables('Secret')"}}},"Initialize_ExecutionId":{"runAfter":{"Initialize_DMFDataProject":["Succeeded"]},"type":"InitializeVariable","inputs":{"variables":[{"name":"ExecutionId","type":"String","value":"@{GUID()}"}]}},"Initialize_Tenant":{"runAfter":{},"type":"InitializeVariable","inputs":{"variables":[{"name":"Tenant","type":"String","value":"rkaul.onmicrosoft.com"}]}},"Initialize_Audience":{"runAfter":{"Initialize_Tenant":["Succeeded"]},"type":"InitializeVariable","inputs":{"variables":[{"name":"Audience","type":"String","value":"https://rkd365golden7ae30e521fe82498aos.cloudax.dynamics.com"}]}},"Initialize_Secret":{"runAfter":{"Initialize_ClientId":["Succeeded"]},"type":"InitializeVariable","inputs":{"variables":[{"name":"Secret","type":"String","value":"YeyWmUJ8U86lxEypgUcsNd/GfKV0X6a4lk+jlzNXiY4="}]}},"Initialize_ClientId":{"runAfter":{"Initialize_Audience":["Succeeded"]},"type":"InitializeVariable","inputs":{"variables":[{"name":"ClientId","type":"String","value":"e3375087-86e3-4b8a-aec7-38784fda3d67"}]}},"Initialize_DMFDataProject":{"runAfter":{"Initialize_Secret":["Succeeded"]},"type":"InitializeVariable","inputs":{"variables":[{"name":"DMFDataProject","type":"String","value":"rkSales"}]}}},"outputs":{}},"connectionReferences":{},"flowFailureAlertSubscribed":false}}